code,公司名稱,industry,market_value
1101,臺灣水泥股份有限公司,1,77511817420
1102,亞洲水泥股份有限公司,1,35465628810
1103,嘉新水泥股份有限公司,1,7902474590
1104,環球水泥股份有限公司,1,6866818160
1108,幸福水泥股份有限公司,1,4047380490
1109,信大水泥股份有限公司,1,3411588680
1110,東南水泥股份有限公司,1,5720007970
1201,味全食品工業股份有限公司,2,5060629140
1203,味王股份有限公司,2,2400000000
1210,大成長城企業股份有限公司,2,8947672220
1213,大西洋飲料股份有限公司,2,566226270
1215,台灣卜蜂企業股份有限公司,2,2947900980
1216,統一企業股份有限公司,2,56820154210
1217,愛之味股份有限公司,2,4945133360
1218,泰山企業股份有限公司,2,4999990380
1219,福壽實業股份有限公司,2,3412383640
1220,台榮產業股份有限公司,2,1770779440
1225,福懋油脂股份有限公司,2,2422683060
1227,佳格食品股份有限公司,2,9150895910
1229,聯華實業控股股份有限公司,2,17959606680
1231,聯華食品工業股份有限公司,2,2984544750
1232,大統益股份有限公司,2,1599749150
1233,天仁茶業股份有限公司,2,905919480
1234,黑松股份有限公司,2,4018710940
1235,興泰實業股份有限公司,2,1885778360
1236,宏亞食品股份有限公司,2,866740080
1256,鮮活控股股份有限公司,2,357721600
1301,台灣塑膠工業股份有限公司,3,63657407810
1303,南亞塑膠工業股份有限公司,3,79308215890
1304,台灣聚合化學品股份有限公司,3,11887635000
1305,華夏海灣塑膠股份有限公司,3,5810504940
1307,三芳化學工業股份有限公司,3,3978181260
1308,亞洲聚合股份有限公司,3,5937439190
1309,台達化學工業股份有限公司,3,3975868480
1310,台灣苯乙烯工業股份有限公司,3,5278697640
1312,國喬石油化學股份有限公司,3,11266203280
1313,聯成化學科技股份有限公司,3,13496896070
1314,中國石油化學工業開發(股)公司,3,37848501300
1315,達新工業股份有限公司,3,990990000
1316,上曜建設開發股份有限公司,14,3670890190
1319,東陽實業廠股份有限公司,12,5914770680
1321,大洋塑膠工業股份有限公司,3,2272282680
1323,永裕塑膠工業股份有限公司,3,912745540
1324,地球綜合工業股份有限公司,3,751218820
1325,恒大股份有限公司,3,852811980
1326,台灣化學纖維股份有限公司,3,58611862910
1337,亞洲塑膠再生資源控股有限公司,3,2689547290
1338,廣華控股有限公司,12,838400000
1339,昭輝實業股份有限公司,12,741238750
1340,勝悅新材料有限公司,3,1529228550
1341,富林塑膠工業(開曼)控股(股)公司,3,528506340
1342,八貫企業股份有限公司,20,792489020
1402,遠東新世紀股份有限公司,4,53528752270
1409,新光合成纖維股份有限公司,4,16184092860
1410,南洋染整股份有限公司,4,620000000
1413,宏洲纖維工業股份有限公司,4,1321124540
1414,東和紡織股份有限公司,4,1980000000
1416,廣豐實業股份有限公司,20,1853421680
1417,嘉裕股份有限公司,4,1899418400
1418,東華龍股份有限公司,4,568343090
1419,新光紡織股份有限公司,4,3000412800
1423,利華羊毛工業股份有限公司,4,996480000
1432,大魯閣實業股份有限公司,37,1080000000
1434,福懋興業股份有限公司,4,16846646370
1435,中福國際(股)公司,20,1397800800
1436,華友聯開發股份有限公司,14,1941517950
1437,勤益投資控股股份有限公司,20,2033712840
1438,三地開發地產股份有限公司,14,1112057590
1439,雋揚國際股份有限公司,14,920000000
1440,臺南紡織股份有限公司,4,16568158570
1441,大東紡織股份有限公司,4,717443870
1442,名軒開發股份有限公司,14,3662113580
1443,立益物流開發股份有限公司,20,1353430110
1444,力麗企業股份有限公司,4,9955950590
1445,大宇紡織股份有限公司,4,1306660340
1446,宏和精密紡織股份有限公司,4,1377095130
1447,力鵬企業股份有限公司,4,9100712420
1449,佳和實業股份有限公司,4,1271145720
1451,年興紡織股份有限公司,4,1980000000
1452,宏益纖維工業股份有限公司,4,1326414000
1453,大將開發股份有限公司,14,1132430480
1454,台灣富綢纖維股份有限公司,4,1298338480
1455,集盛實業股份有限公司,4,5316883800
1456,怡華實業股份有限公司,14,937200000
1457,宜進實業股份有限公司,4,3167300220
1459,聯發紡織纖維股份有限公司,4,3586289070
1460,宏遠興業股份有限公司,4,6946434840
1463,強盛新股份有限公司,4,1732683810
1464,得力實業股份有限公司,4,4255757330
1465,偉全實業股份有限公司,4,1036072670
1466,聚隆纖維股份有限公司,4,1111573200
1467,南緯實業股份有限公司,4,2336246670
1468,昶和纖維興業股份有限公司,4,1604052440
1470,大統新創股份有限公司,4,857670000
1471,首利實業股份有限公司,28,1504145360
1472,三洋實業股份有限公司,14,524880820
1473,台南企業股份有限公司,4,1461535340
1474,弘裕企業股份有限公司,4,1298969690
1475,台灣業旺股份有限公司,4,660167490
1476,儒鴻企業股份有限公司,4,2743671110
1477,聚陽實業股份有限公司,4,2466937130
1503,士林電機廠股份有限公司,5,5209722230
1504,東元電機股份有限公司,5,23764406840
1506,正道工業股份有限公司,5,3003885010
1512,瑞利企業股份有限公司,12,981834980
1513,中興電工機械股份有限公司,5,5031125150
1514,亞力電機股份有限公司,5,2731084730
1515,力山工業股份有限公司,5,1814735000
1516,川飛能源股份有限公司,20,400081950
1517,利奇機械工業股份有限公司,5,2233000070
1519,華城電機股份有限公司,5,3158808440
1521,大億交通工業製造股份有限公司,12,762300000
1522,堤維西交通工業股份有限公司,12,3428978810
1524,耿鼎企業股份有限公司,12,1653103970
1525,江申工業股份有限公司,12,734001350
1526,日馳企業股份有限公司,5,600000000
1527,鑽全實業股份有限公司,5,1385706400
1528,恩德科技股份有限公司,5,1913310000
1529,樂事綠能科技股份有限公司,5,1550950740
1530,亞崴機電股份有限公司,5,945941710
1531,高林股份有限公司,5,1821080800
1532,勤美股份有限公司,5,4226042710
1533,車王電子股份有限公司,12,985474860
1535,中宇環保工程股份有限公司,5,1237425520
1536,和大工業股份有限公司,12,2789595130
1537,廣隆光電科技股份有限公司,5,820627940
1538,正峰工業股份有限公司,5,323000000
1539,巨庭機械股份有限公司,5,653700000
1540,喬福機械工業股份有限公司,5,854736120
1541,錩泰工業股份有限公司,5,788000000
1558,伸興工業股份有限公司,5,665356310
1560,中國砂輪企業股份有限公司,5,1469410800
1563,巧新科技工業股份有限公司,12,2307821400
1568,倉佑實業股份有限公司,12,1030865590
1582,信錦企業股份有限公司,28,1442686040
1583,程泰機械股份有限公司,5,1094003720
1587,吉茂精密股份有限公司,12,800556720
1589,永冠能源科技集團有限公司,5,1531359410
1590,亞德客國際集團,5,1999999980
1597,直得科技股份有限公司,5,892618040
1598,岱宇國際股份有限公司,37,1791420920
1603,中華電線電纜股份有限公司,6,1916880000
1604,聲寶股份有限公司,6,3842000000
1605,華新麗華股份有限公司,6,44313329480
1608,華榮電線電纜股份有限公司,6,6327735060
1609,大亞電線電纜股份有限公司,6,7852619440
1611,中國電器股份有限公司,6,3227357420
1612,宏泰電工股份有限公司,6,3160800630
1614,台灣三洋電機股份有限公司,6,2691134060
1615,大山電線電纜股份有限公司,6,1966637020
1616,億泰電線電纜股份有限公司,6,1941485150
1617,榮星電線工業股份有限公司,6,1695147000
1618,合機電線電纜股份有限公司,6,1926917470
1626,艾美特(開曼)國際有限公司,6,1498217210
1702,南僑投資控股股份有限公司,2,2941329620
1707,葡萄王生技股份有限公司,22,1481373730
1708,東南實業股份有限公司,21,2490016510
1709,和益化學工業股份有限公司,21,4770162720
1710,東聯化學股份有限公司,21,8857030290
1711,臺灣永光化學工業股份有限公司,21,5477522260
1712,興農股份有限公司,21,4204925850
1713,國泰化工廠股份有限公司,21,1509517000
1714,和桐化學股份有限公司,21,9918248080
1717,長興材料工業股份有限公司,21,11722454830
1718,中國人造纖維股份有限公司,21,16859057450
1720,生達化學製藥股份有限公司,22,1786960890
1721,三晃股份有限公司,21,1848840920
1722,台灣肥料股份有限公司,21,9800000000
1723,中鋼碳素化學股份有限公司,21,2369044800
1725,元禎企業股份有限公司,21,1818299780
1726,永記造漆工業股份有限公司,21,1620000000
1727,臺灣中華化學工業股份有限公司,21,1280195590
1730,花仙子企業股份有限公司,21,632338510
1731,美吾華股份有限公司,22,1329152440
1732,毛寶股份有限公司,21,424439570
1733,五鼎生物技術股份有限公司,22,999501920
1734,杏輝藥品工業股份有限公司,22,1901967740
1735,日勝化工股份有限公司,21,993880000
1736,喬山健康科技股份有限公司,37,3033946170
1737,臺鹽實業股份有限公司,2,2000000000
1752,南光化學製藥股份有限公司,22,1009884720
1760,寶齡富錦生技股份有限公司,22,857390130
1762,中化合成生技股份有限公司,22,769180000
1773,勝一化工股份有限公司,21,3000000000
1776,展宇科技材料股份有限公司,21,601069520
1783,和康生物科技股份有限公司,22,896801150
1786,科妍生物科技股份有限公司,22,748276410
1789,台灣神隆股份有限公司,22,7907392220
1795,美時化學製藥股份有限公司,22,2669238120
1802,台灣玻璃工業股份有限公司,8,29080608000
1805,寶徠建設股份有限公司,14,1349704550
1806,冠軍建材股份有限公司,8,3904038700
1808,潤隆建設股份有限公司,14,8930317430
1809,中國製釉股份有限公司,8,1670419370
1810,和成欣業股份有限公司,8,3023037190
1817,凱撒衛浴股份有限公司,8,726000000
1903,士林紙業股份有限公司,9,2600391210
1904,正隆股份有限公司,9,11082745220
1905,中華紙漿股份有限公司,9,11028353160
1906,寶隆國際股份有限公司,9,1510000000
1907,永豐餘投資控股股份有限公司,9,16603714950
1909,榮成紙業股份有限公司,9,13276857270
2002,中國鋼鐵股份有限公司,10,157731289960
2006,東和鋼鐵企業股份有限公司,10,7302138180
2007,燁興企業股份有限公司,10,5306516130
2008,高興昌鋼鐵股份有限公司,10,1908522930
2009,第一伸銅科技股份有限公司,10,3596221650
2010,春源鋼鐵工業股份有限公司,10,6476553900
2012,春雨工廠股份有限公司,10,3021627000
2013,中國鋼鐵結構股份有限公司,10,2000000000
2014,中鴻鋼鐵股份有限公司,10,14355444460
2015,豐興鋼鐵股份有限公司,10,5815994240
2017,官田鋼鐵股份有限公司,10,4468746910
2020,美亞鋼管廠股份有限公司,10,2670313200
2022,聚亨企業股份有限公司,10,3371681380
2023,燁輝企業股份有限公司,10,19032402140
2024,志聯工業股份有限公司,10,975000000
2025,千興不銹鋼(股)公司,10,1726605360
2027,大成不銹鋼工業股份有限公司,10,25842606150
2028,威致鋼鐵工業股份有限公司,10,3257148000
2029,盛餘股份有限公司,10,3211800000
2030,彰源企業股份有限公司,10,2805260270
2031,新光鋼鐵股份有限公司,10,3211463410
2032,新鋼工業股份有限公司,10,1305215450
2033,佳大世界股份有限公司,10,806945360
2034,允強實業股份有限公司,10,5235528540
2038,海光企業股份有限公司,10,1941343030
2049,上銀科技股份有限公司,5,3537922400
2059,川湖科技股份有限公司,28,952970720
2062,橋椿金屬股份有限公司,38,1999941520
2069,運錩鋼鐵股份有限公司,10,1663868360
2101,南港輪胎股份有限公司,11,7339349040
2102,泰豐輪胎股份有限公司,11,4733292070
2103,台橡股份有限公司,11,8257099780
2104,國際中橡投資控股股份有限公司,11,9847336250
2105,正新橡膠工業股份有限公司,11,32414155360
2106,建大工業股份有限公司,11,9548900000
2107,厚生股份有限公司,11,3035934000
2108,南帝化學工業股份有限公司,11,4924166590
2109,華豐橡膠工業股份有限公司,11,2793491340
2114,鑫永銓股份有限公司,11,779917070
2115,六暉控股股份有限公司,12,1043731630
2201,裕隆汽車製造股份有限公司,12,10700012510
2204,中華汽車工業股份有限公司,12,5536203420
2206,三陽工業股份有限公司,12,7917966040
2207,和泰汽車股份有限公司,12,5571027680
2208,台灣國際造船股份有限公司,15,12745394490
2211,長榮鋼鐵股份有限公司,10,4170914630
2227,裕隆日產汽車股份有限公司,12,3000000000
2228,劍麟股份有限公司,12,795313390
2231,為升電裝工業股份有限公司,12,1359176080
2233,宇隆科技股份有限公司,12,602880890
2236,百達精密工業股份有限公司,12,595556560
2239,開曼英利工業股份有限公司,12,1203465930
2241,艾姆勒科技股份有限公司,12,1046023060
2243,宏旭控股股份有限公司,12,693735960
2247,汎德永業汽車股份有限公司,12,807087350
2248,華勝汽車電子股份有限公司,12,476000000
2250,第一化成控股(開曼)股份有限公司,12,363882260
2254,巨鎧精密工業股份有限公司,12,639076800
2258,鴻華先進科技股份有限公司,12,17413140000
2301,光寶科技股份有限公司,25,23167757630
2302,麗正國際科技股份有限公司,24,1663028810
2303,聯華電子股份有限公司,24,125563274190
2305,全友電腦股份有限公司,25,2056608270
2308,台達電子工業股份有限公司,28,25975433290
2312,金寶電子工業股份有限公司,31,15049932110
2313,華通電腦股份有限公司,28,11918205890
2314,台揚科技股份有限公司,27,1061264220
2316,楠梓電子股份有限公司,28,1827405360
2317,鴻海精密工業股份有限公司,31,139642222940
2321,東訊股份有限公司,27,302719290
2323,中環股份有限公司,26,10893483280
2324,仁寶電腦工業股份有限公司,25,44071466250
2327,國巨股份有限公司,28,5182414550
2328,廣宇科技股份有限公司,28,5183462820
2329,華泰電子股份有限公司,24,6590043330
2330,台灣積體電路製造股份有限公司,24,259325245210
2331,精英電腦股份有限公司,25,5574029680
2332,友訊科技股份有限公司,27,6022720730
2337,旺宏電子股份有限公司,24,18573481760
2338,台灣光罩股份有限公司,24,3168491830
2340,台亞半導體股份有限公司,24,4386228460
2342,台灣茂矽電子股份有限公司,24,1575247440
2344,華邦電子股份有限公司,24,45000001930
2345,智邦科技股份有限公司,27,5611178970
2347,聯強國際股份有限公司,29,16679469680
2348,海悅國際開發股份有限公司,20,1818988530
2349,錸德科技股份有限公司,26,6936796630
2351,順德工業股份有限公司,24,1821402490
2352,佳世達科技股份有限公司,25,15805065050
2353,宏碁股份有限公司,25,30478538280
2354,鴻準精密工業股份有限公司,31,14144851920
2355,敬鵬工業股份有限公司,28,3974954200
2356,英業達股份有限公司,25,35874750660
2357,華碩電腦股份有限公司,25,7427602800
2359,所羅門股份有限公司,31,1714710520
2360,致茂電子股份有限公司,31,4252617420
2362,藍天電腦股份有限公司,25,6222630000
2363,矽統科技股份有限公司,24,5149881610
2364,倫飛電腦實業股份有限公司,25,523897100
2365,昆盈企業股份有限公司,25,2215284960
2367,燿華電子股份有限公司,28,7062531750
2368,金像電子(股)公司,28,4918395050
2369,菱生精密工業股份有限公司,24,3801023440
2371,大同股份有限公司,5,21508348510
2373,震旦行股份有限公司,31,2362025180
2374,佳能企業股份有限公司,26,3245871330
2375,凱美電機股份有限公司,28,1086753340
2376,技嘉科技股份有限公司,25,6698888860
2377,微星科技股份有限公司,25,8448561990
2379,瑞昱半導體股份有限公司,24,5128636410
2380,虹光精密工業股份有限公司,25,2169340840
2382,廣達電腦股份有限公司,25,38626274320
2383,台光電子材料股份有限公司,28,3575354760
2385,群光電子股份有限公司,28,7600531720
2387,精元電腦股份有限公司,25,1952510510
2388,威盛電子股份有限公司,24,5556009410
2390,云辰電子開發股份有限公司,31,1926194420
2392,正崴精密工業股份有限公司,28,5123269400
2393,億光電子工業股份有限公司,26,4433930860
2395,研華股份有限公司,25,8651897910
2397,友通資訊股份有限公司,25,1144888570
2399,映泰股份有限公司,25,1781000000
2401,凌陽科技股份有限公司,24,5919949190
2402,毅嘉科技股份有限公司,28,3075365330
2404,漢唐集成股份有限公司,31,1905866980
2405,輔信科技股份有限公司,25,3434273030
2406,國碩科技工業股份有限公司,26,3509056890
2408,南亞科技股份有限公司,24,30986278940
2409,友達光電股份有限公司,26,75470989720
2412,中華電信股份有限公司,27,77574465450
2413,環隆科技股份有限公司,28,1273592000
2414,精技電腦股份有限公司,29,1617358460
2415,錩新科技股份有限公司,28,900000000
2417,圓剛科技股份有限公司,25,1574638640
2419,仲琦科技股份有限公司,27,3213172290
2420,新巨企業股份有限公司,28,1526486880
2421,建準電機工業股份有限公司,28,2734436690
2423,固緯電子實業股份有限公司,31,1450472890
2424,隴華電子股份有限公司,27,589850000
2425,承啟科技股份有限公司,25,964988310
2426,鼎元光電科技股份有限公司,26,3006222520
2427,三商電腦股份有限公司,30,1973013390
2428,興勤電子工業股份有限公司,28,1281127260
2429,銘旺科技股份有限公司,26,855000000
2430,燦坤實業股份有限公司,29,1168000000
2431,聯昌電子企業股份有限公司,28,1109270140
2432,倚天酷碁股份有限公司,25,618600000
2433,互盛股份有限公司,31,1444960110
2434,統懋半導體股份有限公司,24,370000000
2436,偉詮電子股份有限公司,24,2015280740
2438,翔耀實業股份有限公司,26,651956410
2439,美律實業股份有限公司,27,2538396140
2440,太空梭高傳真資訊科技(股)公司,28,1391172710
2441,超豐電子股份有限公司,24,5688459210
2442,新美齊股份有限公司,14,2660082630
2444,兆勁科技股份有限公司,27,1015695730
2449,京元電子股份有限公司,24,12227450650
2450,神腦國際企業股份有限公司,27,2582526570
2451,創見資訊股份有限公司,24,4307016750
2453,凌群電腦股份有限公司,30,1000000000
2454,聯發科技股份有限公司,24,16039121820
2455,全新光電科技股份有限公司,27,1849059180
2457,飛宏科技股份有限公司,28,4247724160
2458,義隆電子股份有限公司,24,3038803920
2459,敦吉科技股份有限公司,31,1055956150
2460,建通精密工業股份有限公司,28,1692000000
2461,光群雷射科技股份有限公司,31,1743069380
2462,台灣良得電子股份有限公司,28,1507844820
2464,盟立自動化股份有限公司,31,2064512260
2465,麗臺科技股份有限公司,25,839460310
2466,冠西電子企業股份有限公司,26,1734586970
2467,志聖工業股份有限公司,28,1567553480
2468,華經資訊企業股份有限公司,30,699612490
2471,資通電腦股份有限公司,30,472538900
2472,立隆電子工業股份有限公司,28,1647351370
2474,可成科技股份有限公司,31,6236690680
2476,鉅祥企業股份有限公司,28,2166208840
2477,美隆工業股份有限公司,31,1585732440
2478,大毅科技股份有限公司,28,1447313390
2480,敦陽科技股份有限公司,30,1063602910
2481,強茂股份有限公司,24,3821149270
2482,連宇股份有限公司,31,778827110
2483,百容電子股份有限公司,28,1078898070
2484,希華晶體科技股份有限公司,28,1594210220
2485,兆赫電子股份有限公司,27,3176890370
2486,一詮精密工業股份有限公司,26,2339585790
2488,漢平電子工業股份有限公司,31,799994330
2489,瑞軒科技股份有限公司,26,6100000000
2491,吉祥全球實業股份有限公司,26,820080000
2492,華新科技股份有限公司,28,4858047740
2493,揚博科技股份有限公司,28,1267966290
2495,普安科技股份有限公司,25,2735515380
2496,卓越成功股份有限公司,20,191004400
2497,怡利電子工業股份有限公司,12,1180876760
2498,宏達國際電子股份有限公司,27,8353399860
2501,國泰建設股份有限公司,14,11595610590
2504,國產建材實業股份有限公司,14,11800000000
2505,國揚實業股份有限公司,14,3800000000
2506,太平洋建設股份有限公司,14,3870000000
2509,全坤建設開發股份有限公司,14,2245505300
2511,太子建設開發股份有限公司,14,16233261470
2514,龍邦國際興業股份有限公司,20,3947292780
2515,中華工程股份有限公司,14,15308998220
2516,新亞建設開發股份有限公司,14,2262784570
2520,冠德建設股份有限公司,14,6094871100
2524,京城建設股份有限公司,14,3659835450
2527,宏璟建設股份有限公司,14,2703060000
2528,皇普建設股份有限公司,14,4340264670
2530,大華建設股份有限公司,14,8399880000
2534,宏盛建設股份有限公司,14,4742279700
2535,達欣工程股份有限公司,14,2707939670
2536,宏普建設股份有限公司,14,3328086520
2537,聯上開發股份有限公司,14,3005577950
2538,基泰建設股份有限公司,14,4450254950
2539,櫻花建設股份有限公司,14,11931025810
2540,愛山林建設開發股份有限公司,14,9448739650
2542,興富發建設股份有限公司,14,21730835390
2543,皇昌營造股份有限公司,14,5323839610
2545,皇翔建設股份有限公司,14,3797348080
2546,根基營造股份有限公司,14,1305241930
2547,日勝生活科技股份有限公司,14,10350946490
2548,華固建設股份有限公司,14,3197186970
2597,潤弘精密工程事業股份有限公司,14,3107160000
2601,益航股份有限公司,18,8247760670
2603,長榮海運股份有限公司,15,21650429960
2605,新興航運股份有限公司,15,5853532970
2606,裕民航運股份有限公司,15,8450557120
2607,長榮國際儲運股份有限公司,15,5335705470
2608,嘉里大榮物流股份有限公司,15,4670004980
2609,陽明海運股份有限公司,15,34921042700
2610,中華航空股份有限公司,15,60839235590
2611,志信國際股份有限公司,15,1890022720
2612,中國航運股份有限公司,15,1974845930
2613,中國貨櫃運輸股份有限公司,15,1484234580
2614,東森國際股份有限公司,20,3002430700
2615,萬海航運股份有限公司,15,28061462930
2616,山隆通運股份有限公司,23,1372818270
2617,台灣航業股份有限公司,15,4172944870
2618,長榮航空股份有限公司,15,54004443350
2630,亞洲航空股份有限公司,15,2094382040
2633,台灣高速鐵路股份有限公司,15,56282930580
2634,漢翔航空工業股份有限公司,15,9418671010
2636,台驊國際控股股份有限公司,15,1418352300
2637,慧洋海運股份有限公司,15,7464091990
2642,台灣宅配通股份有限公司,15,954670000
2645,長榮航太科技股份有限公司,15,3745709620
2646,星宇航空股份有限公司,15,30087350000
2701,萬華企業股份有限公司,16,4499678380
2702,華園飯店股份有限公司,16,1566132490
2704,國賓大飯店股份有限公司,16,3669233430
2705,六福開發股份有限公司,16,1913128300
2706,第一華僑大飯店股份有限公司,16,4999983460
2707,晶華國際酒店股份有限公司,16,1274032380
2712,遠雄悅來大飯店股份有限公司,16,1050000000
2722,夏都國際開發股份有限公司,16,1431696960
2723,開曼美食達人股份有限公司,16,1800000000
2727,王品餐飲股份有限公司,16,844511090
2731,雄獅旅行社股份有限公司,16,932777390
2739,寒舍餐旅管理顧問股份有限公司,16,915260000
2748,雲品國際酒店股份有限公司,16,1057787400
2753,八方雲集國際股份有限公司,16,666447960
2762,世界健身股份有限公司,37,1125000000
2801,彰化商業銀行股份有限公司,17,117660462530
2812,台中商業銀行股份有限公司,17,59216259210
2816,旺旺友聯產物保險股份有限公司,17,2236080000
2820,中華票券金融股份有限公司,17,13429600000
2832,台灣產物保險股份有限公司,17,2535402800
2834,臺灣中小企業銀行股份有限公司,17,97180618490
2836,高雄銀行股份有限公司,17,18799169850
2838,聯邦商業銀行股份有限公司,17,45405517790
2845,遠東國際商業銀行股份有限公司,17,43822847310
2849,安泰商業銀行股份有限公司,17,19576093490
2850,新光產物保險股份有限公司,17,3159633000
2851,中央再保險股份有限公司,17,8003887500
2852,第一產物保險股份有限公司,17,3011637840
2855,統一綜合證券股份有限公司,17,16014144780
2867,三商美邦人壽保險股份有限公司,17,58995010440
2880,華南金融控股股份有限公司,17,139169650890
2881,富邦金融控股股份有限公司,17,156073549520
2882,國泰金融控股股份有限公司,17,162025101280
2883,凱基金融控股股份有限公司,17,185571755770
2884,玉山金融控股股份有限公司,17,161740000000
2885,元大金融控股股份有限公司,17,133311499460
2886,兆豐金融控股股份有限公司,17,148333782820
2887,台新新光金融控股股份有限公司,17,293574877820
2889,國票金融控股股份有限公司,17,36335634710
2890,永豐金融控股股份有限公司,17,145023222750
2891,中國信託金融控股股份有限公司,17,201497561140
2892,第一金融控股股份有限公司,17,143794686500
2897,王道商業銀行股份有限公司,17,30553578780
2901,欣欣大眾市場股份有限公司,18,730432830
2903,遠東百貨股份有限公司,18,14169405890
2904,匯僑股份有限公司,20,778344320
2905,三商投資控股股份有限公司,18,11103717030
2906,高林實業股份有限公司,18,2091166480
2908,特力股份有限公司,18,5098875580
2910,統領百貨股份有限公司,18,1754030000
2911,麗嬰房股份有限公司,18,1051259990
2912,統一超商股份有限公司,18,10396222550
2913,台灣農林股份有限公司,18,7900000000
2915,潤泰全球股份有限公司,18,11043187720
2923,鼎固控股有限公司,14,17402969820
2929,淘帝國際控股有限公司,18,1094938380
2939,永邑國際集團股份有限公司,18,455486650
2945,三商家購股份有限公司,18,675000000
3002,歐格電子股份有限公司,25,1020000000
3003,健和興端子股份有限公司,28,1556548900
3004,豐達科技股份有限公司,10,556850550
3005,神基控股股份有限公司,25,6208444000
3006,晶豪科技股份有限公司,24,2861722380
3008,大立光電股份有限公司,26,1334681970
3010,華立企業股份有限公司,29,2594368170
3011,今皓實業股份有限公司,28,1251468510
3013,晟銘電子科技股份有限公司,25,2051389300
3014,聯陽半導體股份有限公司,24,1660201240
3015,全漢企業股份有限公司,28,1872619500
3016,嘉晶電子股份有限公司,24,2885418190
3017,奇鋐科技股份有限公司,25,3907127570
3018,隆銘綠能科技工程股份有限公司,31,753777150
3019,亞洲光學股份有限公司,26,2792439010
3021,鴻名企業股份有限公司,28,948900000
3022,威強電工業電腦股份有限公司,25,1765977900
3023,信邦電子股份有限公司,28,2400690140
3024,憶聲電子股份有限公司,26,2771574960
3025,星通資訊股份有限公司,27,567364400
3026,禾伸堂企業股份有限公司,28,1658903180
3027,盛達電業股份有限公司,27,1160645610
3028,增你強股份有限公司,29,2372411930
3029,零壹科技股份有限公司,30,1670052120
3030,德律科技股份有限公司,31,2362160000
3031,佰鴻工業股份有限公司,26,1732032240
3032,偉訓科技股份有限公司,28,1132856260
3033,威健實業股份有限公司,29,4798785900
3034,聯詠科技股份有限公司,24,6085114690
3035,智原科技股份有限公司,24,2605503130
3036,文曄科技股份有限公司,29,13983834010
3037,欣興電子股份有限公司,28,15296001970
3038,全台晶像股份有限公司,26,1574076030
3040,遠見科技股份有限公司,20,630000000
3041,揚智科技股份有限公司,24,1402236470
3042,台灣晶技股份有限公司,28,3429929710
3043,科風股份有限公司,31,389756340
3044,健鼎科技股份有限公司,28,5256058980
3045,台灣大哥大股份有限公司,27,37232618110
3046,建碁股份有限公司,25,784480130
3047,訊舟科技股份有限公司,27,2237008580
3048,益登科技股份有限公司,29,2698297940
3049,精金科技股份有限公司,26,8020105290
3050,鈺德科技股份有限公司,26,1549844500
3051,力特光電科技股份有限公司,26,1670000000
3052,夆典科技開發股份有限公司,14,2332457710
3054,立萬利創新股份有限公司,2,806510410
3055,蔚華科技股份有限公司,29,1149749180
3056,富華創新股份有限公司,14,4805550510
3057,喬鼎資訊股份有限公司,25,603257290
3058,立德電子股份有限公司,28,2017227790
3059,華晶科技股份有限公司,26,3072420250
3060,銘異科技股份有限公司,25,1375631900
3062,建漢科技股份有限公司,27,3301360180
3090,日電貿股份有限公司,28,2875671500
3092,鴻碩精密電工股份有限公司,28,1065520300
3094,聯傑國際股份有限公司,24,831170890
3130,一零四資訊科技股份有限公司,36,331907000
3135,凌航科技股份有限公司,24,774934050
3138,耀登科技股份有限公司,27,503080630
3149,正達國際光電股份有限公司,26,2262336040
3150,鈺寶科技股份有限公司,24,443770010
3164,景岳生物科技股份有限公司,22,860103640
3167,大量科技股份有限公司,5,883617870
3168,眾福科技股份有限公司,26,770996490
3189,景碩科技股份有限公司,24,4568126600
3209,全科科技股份有限公司,29,2353911890
3229,晟鈦股份有限公司,28,642630000
3231,緯創資通股份有限公司,25,31804122500
3257,虹冠電子工業股份有限公司,24,798235900
3266,昇陽建設企業股份有限公司,14,3523143090
3296,勝德國際研發股份有限公司,28,967244500
3305,昇貿科技股份有限公司,31,1434406180
3308,聯德電子股份有限公司,28,600000000
3311,閎暉實業股份有限公司,27,1000000000
3312,弘憶國際股份有限公司,29,1826268150
3321,同泰電子科技股份有限公司,28,531137690
3338,泰碩電子股份有限公司,28,879081410
3346,麗清科技股份有限公司,12,1212283520
3356,奇偶科技股份有限公司,26,799416720
3376,新日興股份有限公司,28,1957638220
3380,明泰科技股份有限公司,27,5417184600
3406,玉晶光電股份有限公司,26,1127430630
3413,京鼎精密科技股份有限公司,24,1098195910
3416,融程電訊股份有限公司,25,797465020
3419,譁裕實業股份有限公司,27,1204804170
3432,台端興業股份有限公司,28,422300000
3437,榮創能源科技股份有限公司,26,1445480000
3443,創意電子股份有限公司,24,1340119110
3447,展達通訊股份有限公司,27,774491200
3450,聯鈞光電股份有限公司,24,1456813820
3454,晶睿通訊股份有限公司,26,865678930
3481,群創光電股份有限公司,26,79891973370
3494,誠研科技股份有限公司,25,948000000
3501,維熹科技股份有限公司,28,1182579270
3504,揚明光學股份有限公司,26,1140597850
3515,華擎科技股份有限公司,25,1235563290
3518,柏騰科技股份有限公司,31,976622300
3528,安馳科技股份有限公司,29,666392160
3530,晶相光電股份有限公司,24,774759000
3532,台塑勝高科技股份有限公司,24,3878483000
3533,嘉澤端子工業股份有限公司,28,1125346910
3535,晶彩科技股份有限公司,26,790523560
3543,州巧科技股份有限公司,26,892631500
3545,敦泰電子股份有限公司,24,2213128810
3550,聯穎科技股份有限公司,28,875500000
3557,嘉威生活股份有限公司,38,843154350
3563,牧德科技股份有限公司,26,639608580
3576,聯合再生能源股份有限公司,26,16277953750
3583,辛耘企業股份有限公司,24,803312600
3588,通嘉科技股份有限公司,24,620141820
3591,艾笛森光電股份有限公司,26,1454824350
3592,瑞鼎科技股份有限公司,24,758552260
3593,力銘科技股份有限公司,28,558254490
3596,智易科技股份有限公司,27,2203543210
3605,宏致電子股份有限公司,28,1513799080
3607,谷崧精密工業股份有限公司,28,1216622390
3617,碩天科技股份有限公司,31,941660490
3622,洋華光電股份有限公司,26,1513276000
3645,達邁科技股份有限公司,28,1367542070
3652,精聯電子股份有限公司,25,750975000
3653,健策精密工業股份有限公司,28,1448700490
3661,世芯電子股份有限公司,24,811065670
3665,貿聯控股(BizLink Holding Inc.),31,1949599050
3669,圓展科技股份有限公司,27,929199500
3673,"TPK Holding Co., Ltd.",26,4066637590
3679,新至陞科技股份有限公司,28,630222290
3686,達能科技股份有限公司,24,764951180
3694,海華科技股份有限公司,27,1549472080
3701,大眾全球投資控股股份有限公司,25,2365266120
3702,大聯大控股股份有限公司,29,16790568330
3703,欣陸投資控股股份有限公司,14,8232159800
3704,合勤投資控股股份有限公司,27,4154449700
3705,永信國際投資控股股份有限公司,22,2664229830
3706,神達控股股份有限公司,25,13272124680
3708,上緯國際投資控股股份有限公司,35,1072755290
3711,日月光投資控股股份有限公司,24,44361419820
3712,永崴投資控股股份有限公司,25,2462421460
3714,富采控股股份有限公司,26,7379404600
3715,定穎投資控股股份有限公司,28,2776745840
3716,中化控股股份有限公司,22,1497656140
3717,聯嘉光電投資控股股份有限公司,12,2078454450
4104,佳醫健康事業股份有限公司,22,1715674560
4106,雃博股份有限公司,22,1009115570
4108,懷特生技新藥股份有限公司,22,1986188790
4119,旭富製藥科技股份有限公司,22,1195086340
4133,亞諾法生技股份有限公司,22,605535940
4137,麗豐股份有限公司,22,824923500
4142,國光生物科技股份有限公司,22,4295077500
4148,全宇生技控股有限公司,22,672357010
4155,訊映光電股份有限公司,22,1448141640
4164,承業生醫投資控股股份有限公司,22,1953109890
4190,佐登妮絲集團股份有限公司,22,616688120
4306,炎洲股份有限公司,3,6767572160
4414,如興股份有限公司,4,2637957730
4426,利勤實業股份有限公司,4,1726771980
4438,廣越企業股份有限公司,4,1134254550
4439,冠星集團控股有限公司,4,380367920
4440,宜新實業股份有限公司,4,675980000
4441,振大環球股份有限公司,4,680175780
4526,東台精機股份有限公司,5,2548264610
4532,瑞智精密股份有限公司,5,5048951050
4536,拓凱實業股份有限公司,37,908200000
4540,全球傳動科技股份有限公司,5,1130766510
4545,銘鈺精密工業股份有限公司,28,770000000
4551,智伸科技股份有限公司,12,1152224980
4552,力達控股有限公司,5,1160000000
4555,台灣氣立股份有限公司,5,699876530
4557,永新控股股份有限公司,12,479718400
4560,強信機械科技股份有限公司,5,680972400
4562,穎漢科技股份有限公司,5,875460000
4564,元翎精密工業股份有限公司,5,2327883030
4566,時碩工業股份有限公司,5,1098117420
4569,六方科技股份有限公司,12,306000000
4571,鈞興機電國際股份有限公司,5,530171150
4572,駐龍精密機械股份有限公司,5,400000000
4576,大銀微系統股份有限公司,5,1198018480
4581,World Known MFG(Cayman)Limited,12,338990000
4583,台灣精銳科技股份有限公司,5,801713510
4585,達明機器人股份有限公司,31,1028000000
4588,玖鼎電力資訊股份有限公司,31,429850000
4720,德淵企業股份有限公司,21,1145160370
4722,國精化學股份有限公司,21,1018511590
4736,泰博科技股份有限公司,22,953744690
4737,華廣生技股份有限公司,22,672214530
4739,康普材料科技股份有限公司,21,1186492690
4746,台耀化學股份有限公司,22,1202559630
4755,三福化工股份有限公司,21,1007060000
4763,濟南大自然新材料股份有限公司,21,989146670
4764,雙鍵化工股份有限公司,21,855420620
4766,南寶樹脂化學工廠股份有限公司,21,1205707800
4770,上品綜合工業股份有限公司,21,799760000
4771,望隼科技股份有限公司,22,585277000
4807,日成控股股份有限公司,18,383960320
4904,遠傳電信股份有限公司,27,36057053570
4906,正文科技股份有限公司,27,4275941110
4912,聯德控股股份有限公司,28,653030990
4915,致伸科技股份有限公司,28,4711428240
4916,事欣科技股份有限公司,25,1232110820
4919,新唐科技股份有限公司,24,4197652680
4927,泰鼎國際股份有限公司,28,2649379880
4930,燦星網通股份有限公司,6,800000000
4934,太極能源科技股份有限公司,26,2250000000
4935,茂林光電科技(開曼)股份有限公司,26,1288640910
4938,和碩聯合科技股份有限公司,25,26822001030
4942,嘉彰股份有限公司,26,1423676130
4943,開曼康而富控股股份有限公司,28,1266943530
4949,有成精密股份有限公司,26,671675430
4952,凌通科技股份有限公司,24,1088158160
4956,光鋐科技股份有限公司,26,1004082360
4958,臻鼎科技控股股份有限公司,28,10584151370
4960,誠美材料科技股份有限公司,26,5717053880
4961,天鈺科技股份有限公司,24,1212536030
4967,十銓科技股份有限公司,24,849632880
4968,立積電子股份有限公司,24,922098980
4976,佳凌科技股份有限公司,26,1413510000
4977,眾達科技股份有限公司,27,801898410
4989,李長榮科技股份有限公司,28,1377765000
4994,傳奇網路遊戲股份有限公司,30,663834000
4999,鑫禾科技股份有限公司,28,744172000
5007,三星科技股份有限公司,10,2949401540
5203,訊連科技股份有限公司,30,791188000
5215,科嘉(開曼)股份有限公司,25,643375000
5222,全訊科技股份有限公司,24,909469680
5225,東科控股股份有限公司,31,785466770
5234,達興材料股份有限公司,26,1027159110
5243,乙盛精密工業股份有限公司,26,1685289150
5244,弘凱光電股份有限公司,26,682418990
5258,虹堡科技股份有限公司,25,1103648940
5269,祥碩科技股份有限公司,24,747771290
5283,禾聯碩股份有限公司,6,876005100
5284,經寶精密控股股份有限公司,20,528926830
5285,界霖科技股份有限公司,24,1020409260
5288,開曼商豐祥控股股份有限公司,5,697300220
5292,華懋科技股份有限公司,35,421080000
5306,桂盟國際股份有限公司,37,1260007720
5388,中磊電子股份有限公司,27,3043425420
5434,崇越科技股份有限公司,29,1913426640
5469,瀚宇博德股份有限公司,28,4861660000
5471,松翰科技股份有限公司,24,1678770620
5484,慧友電子股份有限公司,26,668010000
5515,建國工程股份有限公司,14,2016000840
5519,隆大營建事業股份有限公司,14,2191971800
5521,工信工程股份有限公司,14,4922801550
5522,遠雄建設事業股份有限公司,14,7815962410
5525,順天建設股份有限公司,14,3181053780
5531,鄉林建設事業股份有限公司,14,10775892450
5533,皇鼎建設開發股份有限公司,14,2852449440
5534,長虹建設股份有限公司,14,2903259600
5538,開曼東明控股股份有限公司,10,2012033330
5546,永固集團股份有限公司,14,823534020
5607,遠雄自貿港投資控股股份有限公司,15,3705529130
5608,四維航業股份有限公司,15,3892716140
5706,鳳凰國際旅行社股份有限公司,16,849109200
5871,中租控股股份有限公司,20,18614211610
5876,上海商業儲蓄銀行股份有限公司,17,48616031400
5880,合作金庫金融控股股份有限公司,17,156809369140
5906,台南生活(開曼)股份有限公司,18,357414120
5907,Grand Ocean RetailGroupLimited,18,1955310000
6005,群益金鼎證券股份有限公司,17,21709080970
6024,群益期貨股份有限公司,17,2499375840
6108,競國實業股份有限公司,28,1569943110
6112,邁達特數位股份有限公司,30,1883573360
6115,鎰勝工業股份有限公司,28,1876621540
6116,瀚宇彩晶股份有限公司,26,28586548510
6117,迎廣科技股份有限公司,25,918796980
6120,達運精密工業股份有限公司,26,5989996020
6128,上福全球科技股份有限公司,25,1275887400
6133,金橋科技股份有限公司,28,1170062940
6136,富爾特科技股份有限公司,27,1155364120
6139,亞翔工程股份有限公司,31,2353295470
6141,柏承科技股份有限公司,28,1133540050
6142,友勁科技股份有限公司,27,3307792150
6152,百一電子股份有限公司,27,1677384630
6153,嘉聯益科技股份有限公司,28,6361776940
6155,鈞寶電子工業股份有限公司,28,880239880
6164,華興電子工業股份有限公司,26,800000000
6165,浪凡網路科技股份有限公司,36,777526230
6166,凌華科技股份有限公司,25,2175952570
6168,宏齊科技股份有限公司,26,2060698010
6176,瑞儀光電股份有限公司,26,4650272630
6177,達麗建設事業股份有限公司,14,4718784110
6183,關貿網路股份有限公司,30,1500000000
6184,大豐有線電視股份有限公司,20,1582306570
6189,豐藝電子股份有限公司,29,2637796570
6191,精成科技股份有限公司,28,4993030000
6192,巨路國際股份有限公司,31,961557700
6196,帆宣系統科技股份有限公司,31,2179983130
6197,佳必琪國際股份有限公司,28,1220858820
6201,亞弘電科技股份有限公司,31,892000000
6202,盛群半導體股份有限公司,24,2303882000
6205,詮欣股份有限公司,28,822359070
6206,飛捷科技股份有限公司,25,1430623240
6209,今國光學工業股份有限公司,26,1744291710
6213,聯茂電子股份有限公司,28,3631572180
6214,精誠資訊股份有限公司,30,2722430660
6215,和椿科技股份有限公司,31,827896930
6216,居易科技股份有限公司,27,969813870
6224,聚鼎科技股份有限公司,28,856453610
6225,天瀚科技股份有限公司,26,278000000
6226,光鼎電子股份有限公司,26,1155347890
6230,尼得科超眾科技股份有限公司,25,863433960
6235,華孚科技股份有限公司,25,1999063060
6239,力成科技股份有限公司,24,7591466340
6243,迅杰科技股份有限公司,24,452688410
6257,矽格股份有限公司,24,4839123250
6269,台郡科技股份有限公司,28,3231314810
6271,同欣電子工業股份有限公司,24,2090580240
6277,宏正自動科技股份有限公司,25,1194711660
6278,台灣表面黏著科技股份有限公司,26,2923983530
6281,全國電子股份有限公司,29,991729450
6282,康舒科技股份有限公司,28,8584771250
6283,淳安電子股份有限公司,31,1479063430
6285,啟碁科技股份有限公司,27,4840206290
6405,悅城科技股份有限公司,26,658000000
6409,旭隼科技股份有限公司,31,877113660
6412,群光電能科技股份有限公司,28,4007691260
6414,樺漢科技股份有限公司,25,1375402520
6415,矽力杰股份有限公司,24,971105327
6416,瑞祺電通股份有限公司,27,733484600
6423,億而得微電子股份有限公司,24,300145200
6426,統新光訊股份有限公司,27,385090000
6431,光麗生技控股股份有限公司,22,973988350
6438,迅得機械股份有限公司,31,822063250
6442,光紅建聖股份有限公司,27,773430780
6443,元晶太陽能科技股份有限公司,26,5386914660
6446,藥華醫藥股份有限公司,22,3793547040
6449,鈺邦科技股份有限公司,28,919185140
6451,訊芯科技控股股份有限公司,24,1074648000
6456,GIS Holding Limited,26,3379398000
6464,台灣數位光訊科技股份有限公司,20,1250131380
6472,保瑞藥業股份有限公司,22,1244480230
6477,安集科技股份有限公司,26,1237871960
6491,晶碩光學股份有限公司,22,780000000
6504,南六企業股份有限公司,20,726000000
6505,台塑石化股份有限公司,23,95259596520
6515,穎崴科技股份有限公司,24,360416420
6525,捷敏股份有限公司,24,1290473840
6526,達發科技股份有限公司,24,1675055540
6531,愛普科技股份有限公司,24,813313855
6533,晶心科技股份有限公司,24,506509110
6534,正瀚生技股份有限公司,22,1028000000
6541,泰福生技股份有限公司,22,2648633670
6550,北極星藥業集團股份有限公司,22,7704730220
6552,易華電子股份有限公司,24,830000000
6558,興能高科技股份有限公司,31,937888750
6573,虹揚發展科技股份有限公司,24,804993450
6579,研揚科技股份有限公司,25,1694512210
6581,台灣鋼聯股份有限公司,35,1112708870
6582,申豐特用應材股份有限公司,11,1061741410
6585,鼎基先進材料股份有限公司,20,721335870
6589,台康生技股份有限公司,22,3061895760
6591,動力科技股份有限公司,25,411224650
6592,和潤企業股份有限公司,20,7231504930
6598,Applied BioCode Corporation,22,1028010610
6605,帝寶工業股份有限公司,12,1658163970
6606,建德工業股份有限公司,5,1103037830
6614,資拓宏宇國際股份有限公司,36,806605210
6625,必應創造股份有限公司,20,579724880
6641,基士德科技股份有限公司,35,365000000
6645,金萬林企業股份有限公司,22,608640500
6655,科定企業股份有限公司,20,805718170
6657,華安醫學股份有限公司,22,886580000
6658,聯策科技股份有限公司,31,363700000
6666,羅麗芬控股股份有限公司,22,473880000
6668,中揚光電股份有限公司,26,1071160870
6669,緯穎科技服務股份有限公司,25,1858407910
6670,復盛應用科技股份有限公司,37,1393869730
6671,三能集團控股股份有限公司,38,607500000
6672,騰輝電子國際集團股份有限公司,28,714347450
6674,鋐寶科技股份有限公司,27,688356590
6689,伊雲谷數位科技股份有限公司,36,680000000
6691,洋基工程股份有限公司,31,1214872090
6695,芯鼎科技股份有限公司,24,964596500
6698,旭暉應用材料股份有限公司,31,663897530
6706,惠特科技股份有限公司,26,785688650
6715,嘉基科技股份有限公司,28,663645050
6719,力智電子股份有限公司,24,1054669890
6742,澤米科技股份有限公司,26,712679480
6743,安普新股份有限公司,31,1500000000
6753,龍德造船工業股份有限公司,15,1131375000
6754,匯僑室內裝修設計股份有限公司,38,660000000
6756,威鋒電子股份有限公司,24,698810000
6757,台灣虎航股份有限公司,15,4595300000
6768,志強國際企業股份有限公司,37,2000950610
6770,力晶積成電子製造股份有限公司,24,42003253010
6771,平和環保科技股份有限公司,35,311795000
6776,展碁國際股份有限公司,29,815814300
6781,"AES Holding Co., Ltd.",28,854187800
6782,視陽光學股份有限公司,22,630000000
6789,采鈺科技股份有限公司,24,3182991190
6790,永豐餘消費品實業股份有限公司,9,2671290210
6792,詠業科技股份有限公司,27,478753250
6794,向榮生醫科技股份有限公司,22,636370000
6796,晉弘科技股份有限公司,22,382339700
6799,來頡科技股份有限公司,24,430591330
6805,富世達股份有限公司,28,685538960
6806,森崴能源股份有限公司,35,2746429020
6807,峰源集團股份有限公司,38,540000000
6830,汎銓科技股份有限公司,31,517818460
6831,邁&#33834;科技股份有限公司,25,675000000
6834,天二科技股份有限公司,28,884710820
6835,圓裕企業股份有限公司,28,661722970
6838,台新藥股份有限公司,22,1509771000
6854,PlayNitride Inc.,24,1176786220
6861,睿生光電股份有限公司,22,415992500
6862,三集瑞科技國際集團股份有限公司,28,500000000
6863,Arizon RFID Technology,27,748880000
6869,雲豹能源科技股份有限公司,35,1378300410
6873,泓德能源科技股份有限公司,35,1418723700
6885,全福生物科技股份有限公司,22,1332140000
6887,寶綠特資源再生工程股份有限公司,35,741195120
6890,來億興業股份有限公司,37,2494000000
6901,鑽石生技投資股份有限公司,20,8519700000
6902,走著瞧股份有限公司,36,353589480
6906,現觀科技股份有限公司,36,335374000
6909,創控科技股份有限公司,24,671717000
6914,阜爾運通股份有限公司,20,662260000
6916,華凌光電股份有限公司,26,675000000
6918,愛派司生技股份有限公司,22,345710000
6919,康霈生技股份有限公司,22,775448930
6923,中台資源科技股份有限公司,35,914880000
6924,榮惠集團(開曼)股份有限公司,28,208500000
6928,攸泰科技股份有限公司,25,860000000
6931,青松健康股份有限公司,22,661521600
6933,艾瑪斯科技控股股份有限公司,25,423638000
6936,永鴻國際生技股份有限公司,22,728040000
6937,天虹科技股份有限公司,24,675762630
6944,兆聯實業股份有限公司,35,763083120
6949,沛爾生技醫藥股份有限公司,22,586545500
6951,青新環境工程股份有限公司,35,460000000
6952,大武山牧場科技股份有限公司,20,683450000
6955,邦睿生技股份有限公司,22,248007850
6957,裕慶金屬股份有限公司,20,555129500
6958,日盛台駿國際租賃股份有限公司,20,4032893600
6962,ITH Corporation,24,4923965650
6965,中傑投資控股股份有限公司,37,1563360000
6969,成信實業股份有限公司,35,549197200
6988,威力暘電子股份有限公司,12,476000000
6994,富威電力股份有限公司,35,738285710
7610,聯友金屬科技股份有限公司,35,486000000
7631,聚賢研發股份有限公司,31,201420000
7705,三商餐飲股份有限公司,16,660673040
7711,永擎電子股份有限公司,25,623946950
7721,微程式資訊股份有限公司,36,553700000
7722,連加網路商業股份有限公司,36,680000000
7730,暉盛科技股份有限公司,24,367967310
7732,金興精密工業股份有限公司,12,646800000
7736,虎山實業股份有限公司,12,760000000
7740,熙特爾新能源股份有限公司,35,532000000
7749,意騰科技股份有限公司,24,464857280
7750,新代科技股份有限公司,5,718430000
7765,中華資安國際股份有限公司,36,406770000
7769,鴻勁精密股份有限公司,24,1799300000
7780,大研生醫國際股份有限公司,2,810024170
7786,東方風能科技股份有限公司,35,1753614440
7788,松川精密股份有限公司,28,797459930
7791,皇家可口股份有限公司,2,800000000
7799,禾榮科技股份有限公司,22,1575120000
8011,台通光電股份有限公司,27,1659218910
8016,矽創電子股份有限公司,24,1201368760
8021,尖點科技股份有限公司,31,1420424670
8028,昇陽國際半導體股份有限公司,24,1740736770
8033,雷虎科技股份有限公司,20,1526297750
8039,台虹科技股份有限公司,28,2627429940
8045,達運光電股份有限公司,27,949968150
8046,南亞電路板股份有限公司,28,6461654870
8070,長華電材股份有限公司,29,725648455
8072,陞泰科技股份有限公司,29,800000000
8081,致新科技股份有限公司,24,861720720
8101,華冠通訊股份有限公司,27,464662160
8103,瀚荃股份有限公司,28,784366710
8104,錸寶科技股份有限公司,26,1040581920
8105,凌巨科技股份有限公司,26,4415448510
8110,華東科技股份有限公司,24,5177398760
8112,至上電子股份有限公司,29,5552916980
8114,振樺電子股份有限公司,25,1075719190
8131,福懋科技股份有限公司,24,4422222230
8150,南茂科技股份有限公司,24,7045231260
8162,微矽電子股份有限公司,24,687020000
8163,達方電子股份有限公司,25,2800000010
8201,無敵科技股份有限公司,31,623662750
8210,勤誠興業股份有限公司,25,1253191460
8213,志超科技股份有限公司,28,2712424880
8215,明基材料股份有限公司,26,3206745140
8222,寶一科技股份有限公司,5,685735000
8249,菱光科技股份有限公司,28,1378245000
8261,富鼎先進電子股份有限公司,24,1188783930
8271,宇瞻科技股份有限公司,24,1281292660
8341,日友環保科技股份有限公司,35,1300000000
8367,建新國際股份有限公司,15,921720310
8374,羅昇企業股份有限公司,5,1122504870
8404,百和興業股份有限公司(開曼),20,4199338840
8411,福貞控股股份有限公司,20,2184043190
8422,可寧衛股份有限公司,35,1136796050
8429,金麗集團控股有限公司,18,1857471510
8438,昶昕實業股份有限公司,35,699430000
8442,威宏控股股份有限公司,20,701697640
8443,阿瘦實業股份有限公司,18,668000000
8454,富邦媒體科技股份有限公司,36,2649752750
8462,柏文健康事業股份有限公司,37,792920630
8463,潤泰精密材料股份有限公司,20,1500000000
8464,億豐綜合工業股份有限公司,38,2930202000
8466,美吉吉國際股份有限公司,20,798256280
8467,波力環球企業股份有限公司,37,503735750
8473,山林水環境工程股份有限公司,35,1808524180
8476,台境企業股份有限公司,35,831131790
8478,東哥企業股份有限公司,37,939722760
8481,政伸企業股份有限公司,20,666018660
8482,商億全球控股有限公司,38,1074440000
8487,愛爾達科技股份有限公司,36,265350000
8488,吉源控股股份有限公司,20,735000000
8499,鼎炫投資控股股份有限公司,31,411655570
8926,台灣汽電共生股份有限公司,23,7302820000
8940,新天地國際實業股份有限公司,16,674910320
8996,高力熱處理工業股份有限公司,5,922482770
9103,美德向邦醫療國際股份有限公司,91,827042000
910322,康師傅控股有限公司,91,916513457
9105,泰金寶科技股份有限公司,91,9383139832
910861,神州數碼控股有限公司,91,644726418
9110,越南製造加工出口控股有限公司,91,38168000
911608,明輝環球企業有限公司,91,526896000
911622,聚亨企業集團(泰國)大眾有限公司,91,3714761903
911868,同方友友控股有限公司,91,356242582
912000,晨訊科技集團有限公司,91,1063575000
9136,巨騰國際控股有限公司,91,440764000
9802,鈺齊國際股份有限公司,37,2009916730
9902,台火開發股份有限公司,20,980496000
9904,寶成工業股份有限公司,37,29467872130
9905,大華金屬工業股份有限公司,20,3050000000
9906,欣巴巴事業股份有限公司,14,903763580
9907,統一實業股份有限公司,20,15791453420
9908,大台北區瓦斯股份有限公司,23,5163580000
9910,豐泰企業股份有限公司,37,9874828310
9911,台灣櫻花股份有限公司,38,2223895840
9912,偉聯科技股份有限公司,25,541705690
9914,美利達工業股份有限公司,37,2989838000
9917,中興保全科技股份有限公司,20,4511970930
9918,欣欣天然氣股份有限公司,23,1805374530
9919,康那香企業股份有限公司,20,1953627500
9921,巨大機械工業股份有限公司,37,3920653950
9924,台灣福興工業股份有限公司,38,1507617360
9925,台灣新光保全股份有限公司,20,3874896050
9926,新海瓦斯股份有限公司,23,1795040750
9927,泰銘實業股份有限公司,20,1200000000
9928,中國電視事業股份有限公司,20,607245830
9929,秋雨創新股份有限公司,20,1012800000
9930,中聯資源股份有限公司,35,2485403680
9931,欣高石油氣股份有限公司,23,1203693030
9933,中鼎工程股份有限公司,20,8926931240
9934,成霖企業股份有限公司,38,4110169620
9935,慶豐富實業股份有限公司,38,1778389260
9937,全國加油站股份有限公司,23,3090430000
9938,台灣百和工業股份有限公司,20,2979639020
9939,宏全國際股份有限公司,20,2957864750
9940,信義房屋股份有限公司,20,7368465000
9941,裕融企業股份有限公司,20,6756363460
9942,茂順密封元件科技股份有限公司,20,831613200
9943,好樂迪股份有限公司,16,1251715100
9944,新麗企業股份有限公司,20,1059081000
9945,潤泰創新國際股份有限公司,20,28442250860
9946,三發地產股份有限公司,14,3265541500
9955,佳龍科技工程股份有限公司,35,1044757290
9958,世紀鋼鐵結構股份有限公司,10,2468966650
